rank,uid,title,year,venue,url,problem_claimed,actual_mechanism,hidden_assumptions,variables_treated_as_fixed,failure_modes_ignored,what_it_makes_less_novel,what_it_leaves_open
1,arxiv:2604.07430v1,HY-Embodied-0.5: Embodied Foundation Models for Real-World Agents,2026,arXiv,http://arxiv.org/abs/2604.07430v1,Addresses foundation-model evaluation for embodied agents or a neighboring robotics mechanism.,"Prior work usually predicts, ranks, filters, or imitates observed behavior rather than preserving unrealized branches.",The observed outcome is enough to supervise the model.,"Contact mode support, embodiment limits, and deployment perturbations.","Branch collapse, hidden-mode shift, and tail-risk planning failures.",Generic world models and generic uncertainty are crowded.,Robotic physics violation audits keeps action-critical alternatives explicit until a physical observation collapses them.
2,doi:10.1016/j.aei.2026.104370,Physics-informed embodied intelligence in the foundation model era: Advancing robot manipulation for smart manufacturing,2026,Advanced Engineering Informatics,https://doi.org/10.1016/j.aei.2026.104370,Addresses foundation-model evaluation for embodied agents or a neighboring robotics mechanism.,"Prior work usually predicts, ranks, filters, or imitates observed behavior rather than preserving unrealized branches.",The observed outcome is enough to supervise the model.,"Contact mode support, embodiment limits, and deployment perturbations.","Branch collapse, hidden-mode shift, and tail-risk planning failures.",Generic world models and generic uncertainty are crowded.,Robotic physics violation audits keeps action-critical alternatives explicit until a physical observation collapses them.
3,arxiv:2506.14697v3,AGENTSAFE: Benchmarking the Safety of Embodied Agents on Hazardous Instructions,2025,arXiv,http://arxiv.org/abs/2506.14697v3,Addresses foundation-model evaluation for embodied agents or a neighboring robotics mechanism.,"Prior work usually predicts, ranks, filters, or imitates observed behavior rather than preserving unrealized branches.",The observed outcome is enough to supervise the model.,"Contact mode support, embodiment limits, and deployment perturbations.","Branch collapse, hidden-mode shift, and tail-risk planning failures.",Generic world models and generic uncertainty are crowded.,Robotic physics violation audits keeps action-critical alternatives explicit until a physical observation collapses them.
4,arxiv:2606.00815v1,OmniEEG-Bench: A Standardized Evaluation Benchmark for EEG Foundation Models,2026,arXiv,http://arxiv.org/abs/2606.00815v1,Addresses foundation-model evaluation for embodied agents or a neighboring robotics mechanism.,"Prior work usually predicts, ranks, filters, or imitates observed behavior rather than preserving unrealized branches.",The observed outcome is enough to supervise the model.,"Contact mode support, embodiment limits, and deployment perturbations.","Branch collapse, hidden-mode shift, and tail-risk planning failures.",Generic world models and generic uncertainty are crowded.,Robotic physics violation audits keeps action-critical alternatives explicit until a physical observation collapses them.
5,arxiv:2601.21282v1,WorldBench: Disambiguating Physics for Diagnostic Evaluation of World Models,2026,arXiv,http://arxiv.org/abs/2601.21282v1,Addresses foundation-model evaluation for embodied agents or a neighboring robotics mechanism.,"Prior work usually predicts, ranks, filters, or imitates observed behavior rather than preserving unrealized branches.",The observed outcome is enough to supervise the model.,"Contact mode support, embodiment limits, and deployment perturbations.","Branch collapse, hidden-mode shift, and tail-risk planning failures.",Generic world models and generic uncertainty are crowded.,Robotic physics violation audits keeps action-critical alternatives explicit until a physical observation collapses them.
6,arxiv:2512.00797v1,Transforming Monolithic Foundation Models into Embodied Multi-Agent Architectures for Human-Robot Collaboration,2025,arXiv,http://arxiv.org/abs/2512.00797v1,Addresses foundation-model evaluation for embodied agents or a neighboring robotics mechanism.,"Prior work usually predicts, ranks, filters, or imitates observed behavior rather than preserving unrealized branches.",The observed outcome is enough to supervise the model.,"Contact mode support, embodiment limits, and deployment perturbations.","Branch collapse, hidden-mode shift, and tail-risk planning failures.",Generic world models and generic uncertainty are crowded.,Robotic physics violation audits keeps action-critical alternatives explicit until a physical observation collapses them.
7,arxiv:2508.15201v2,Survey of Vision-Language-Action Models for Embodied Manipulation,2025,arXiv,http://arxiv.org/abs/2508.15201v2,Addresses foundation-model evaluation for embodied agents or a neighboring robotics mechanism.,"Prior work usually predicts, ranks, filters, or imitates observed behavior rather than preserving unrealized branches.",The observed outcome is enough to supervise the model.,"Contact mode support, embodiment limits, and deployment perturbations.","Branch collapse, hidden-mode shift, and tail-risk planning failures.",Generic world models and generic uncertainty are crowded.,Robotic physics violation audits keeps action-critical alternatives explicit until a physical observation collapses them.
8,arxiv:2604.11174v1,"EmbodiedGovBench: A Benchmark for Governance, Recovery, and Upgrade Safety in Embodied Agent Systems",2026,arXiv,http://arxiv.org/abs/2604.11174v1,Addresses foundation-model evaluation for embodied agents or a neighboring robotics mechanism.,"Prior work usually predicts, ranks, filters, or imitates observed behavior rather than preserving unrealized branches.",The observed outcome is enough to supervise the model.,"Contact mode support, embodiment limits, and deployment perturbations.","Branch collapse, hidden-mode shift, and tail-risk planning failures.",Generic world models and generic uncertainty are crowded.,Robotic physics violation audits keeps action-critical alternatives explicit until a physical observation collapses them.
9,arxiv:2401.12963v2,AutoRT: Embodied Foundation Models for Large Scale Orchestration of Robotic Agents,2024,arXiv,http://arxiv.org/abs/2401.12963v2,Addresses foundation-model evaluation for embodied agents or a neighboring robotics mechanism.,"Prior work usually predicts, ranks, filters, or imitates observed behavior rather than preserving unrealized branches.",The observed outcome is enough to supervise the model.,"Contact mode support, embodiment limits, and deployment perturbations.","Branch collapse, hidden-mode shift, and tail-risk planning failures.",Generic world models and generic uncertainty are crowded.,Robotic physics violation audits keeps action-critical alternatives explicit until a physical observation collapses them.
10,doi:10.36227/techrxiv.176106902.20394622/v1,Exploring the Future of Robotics through Physics Informed Vision Based Foundations,,,https://doi.org/10.36227/techrxiv.176106902.20394622/v1,Addresses foundation-model evaluation for embodied agents or a neighboring robotics mechanism.,"Prior work usually predicts, ranks, filters, or imitates observed behavior rather than preserving unrealized branches.",The observed outcome is enough to supervise the model.,"Contact mode support, embodiment limits, and deployment perturbations.","Branch collapse, hidden-mode shift, and tail-risk planning failures.",Generic world models and generic uncertainty are crowded.,Robotic physics violation audits keeps action-critical alternatives explicit until a physical observation collapses them.
11,arxiv:2507.05333v1,Causal Foundation Models: Disentangling Physics from Instrument Properties,2025,arXiv,http://arxiv.org/abs/2507.05333v1,Addresses foundation-model evaluation for embodied agents or a neighboring robotics mechanism.,"Prior work usually predicts, ranks, filters, or imitates observed behavior rather than preserving unrealized branches.",The observed outcome is enough to supervise the model.,"Contact mode support, embodiment limits, and deployment perturbations.","Branch collapse, hidden-mode shift, and tail-risk planning failures.",Generic world models and generic uncertainty are crowded.,Robotic physics violation audits keeps action-critical alternatives explicit until a physical observation collapses them.
12,doi:10.1145/3765628,Towards Physics Aware Embodied Control with Graph based Object-centric Learning,2025,ACM Transactions on Cyber-Physical Systems,https://doi.org/10.1145/3765628,Addresses foundation-model evaluation for embodied agents or a neighboring robotics mechanism.,"Prior work usually predicts, ranks, filters, or imitates observed behavior rather than preserving unrealized branches.",The observed outcome is enough to supervise the model.,"Contact mode support, embodiment limits, and deployment perturbations.","Branch collapse, hidden-mode shift, and tail-risk planning failures.",Generic world models and generic uncertainty are crowded.,Robotic physics violation audits keeps action-critical alternatives explicit until a physical observation collapses them.
13,doi:10.54254/2755-2721/2025.ast27134,Integrating Motion Planning in Vision Language Action Agents,2025,Applied and Computational Engineering,https://doi.org/10.54254/2755-2721/2025.ast27134,Addresses foundation-model evaluation for embodied agents or a neighboring robotics mechanism.,"Prior work usually predicts, ranks, filters, or imitates observed behavior rather than preserving unrealized branches.",The observed outcome is enough to supervise the model.,"Contact mode support, embodiment limits, and deployment perturbations.","Branch collapse, hidden-mode shift, and tail-risk planning failures.",Generic world models and generic uncertainty are crowded.,Robotic physics violation audits keeps action-critical alternatives explicit until a physical observation collapses them.
14,arxiv:2404.01023v1,Large Language Model Evaluation Via Multi AI Agents: Preliminary results,2024,arXiv,http://arxiv.org/abs/2404.01023v1,Addresses foundation-model evaluation for embodied agents or a neighboring robotics mechanism.,"Prior work usually predicts, ranks, filters, or imitates observed behavior rather than preserving unrealized branches.",The observed outcome is enough to supervise the model.,"Contact mode support, embodiment limits, and deployment perturbations.","Branch collapse, hidden-mode shift, and tail-risk planning failures.",Generic world models and generic uncertainty are crowded.,Robotic physics violation audits keeps action-critical alternatives explicit until a physical observation collapses them.
15,doi:10.3390/drones9030213,Scenario-Driven Evaluation of Autonomous Agents: Integrating Large Language Model for UAV Mission Reliability,2025,Drones,https://doi.org/10.3390/drones9030213,Addresses foundation-model evaluation for embodied agents or a neighboring robotics mechanism.,"Prior work usually predicts, ranks, filters, or imitates observed behavior rather than preserving unrealized branches.",The observed outcome is enough to supervise the model.,"Contact mode support, embodiment limits, and deployment perturbations.","Branch collapse, hidden-mode shift, and tail-risk planning failures.",Generic world models and generic uncertainty are crowded.,Robotic physics violation audits keeps action-critical alternatives explicit until a physical observation collapses them.
16,doi:10.21203/rs.3.rs-5540665/v1,EARBench: Towards Evaluating Physical Risk Awareness for Task Planning of Foundation Model-based Embodied AI Agents,,,https://doi.org/10.21203/rs.3.rs-5540665/v1,Addresses foundation-model evaluation for embodied agents or a neighboring robotics mechanism.,"Prior work usually predicts, ranks, filters, or imitates observed behavior rather than preserving unrealized branches.",The observed outcome is enough to supervise the model.,"Contact mode support, embodiment limits, and deployment perturbations.","Branch collapse, hidden-mode shift, and tail-risk planning failures.",Generic world models and generic uncertainty are crowded.,Robotic physics violation audits keeps action-critical alternatives explicit until a physical observation collapses them.
17,doi:10.3389/frobt.2026.1771992,A platform for investigating prompt framing as interface parameters in foundation models for robotics,2026,Frontiers in Robotics and AI,https://doi.org/10.3389/frobt.2026.1771992,Addresses foundation-model evaluation for embodied agents or a neighboring robotics mechanism.,"Prior work usually predicts, ranks, filters, or imitates observed behavior rather than preserving unrealized branches.",The observed outcome is enough to supervise the model.,"Contact mode support, embodiment limits, and deployment perturbations.","Branch collapse, hidden-mode shift, and tail-risk planning failures.",Generic world models and generic uncertainty are crowded.,Robotic physics violation audits keeps action-critical alternatives explicit until a physical observation collapses them.
18,doi:10.2139/ssrn.6626705,"Open Access, Unequal Use: Evaluation Infrastructure as the Missing Bottleneck in Foundation Model Democratisation",,,https://doi.org/10.2139/ssrn.6626705,Addresses foundation-model evaluation for embodied agents or a neighboring robotics mechanism.,"Prior work usually predicts, ranks, filters, or imitates observed behavior rather than preserving unrealized branches.",The observed outcome is enough to supervise the model.,"Contact mode support, embodiment limits, and deployment perturbations.","Branch collapse, hidden-mode shift, and tail-risk planning failures.",Generic world models and generic uncertainty are crowded.,Robotic physics violation audits keeps action-critical alternatives explicit until a physical observation collapses them.
19,doi:10.21203/rs.3.rs-9082476/v1,Systematic evaluation of single-cell foundation model interpretability reveals attention captures co-expression rather than unique regulatory signal,,,https://doi.org/10.21203/rs.3.rs-9082476/v1,Addresses foundation-model evaluation for embodied agents or a neighboring robotics mechanism.,"Prior work usually predicts, ranks, filters, or imitates observed behavior rather than preserving unrealized branches.",The observed outcome is enough to supervise the model.,"Contact mode support, embodiment limits, and deployment perturbations.","Branch collapse, hidden-mode shift, and tail-risk planning failures.",Generic world models and generic uncertainty are crowded.,Robotic physics violation audits keeps action-critical alternatives explicit until a physical observation collapses them.
20,arxiv:2410.20542v2,PaPaGei: Open Foundation Models for Optical Physiological Signals,2024,arXiv,http://arxiv.org/abs/2410.20542v2,Addresses foundation-model evaluation for embodied agents or a neighboring robotics mechanism.,"Prior work usually predicts, ranks, filters, or imitates observed behavior rather than preserving unrealized branches.",The observed outcome is enough to supervise the model.,"Contact mode support, embodiment limits, and deployment perturbations.","Branch collapse, hidden-mode shift, and tail-risk planning failures.",Generic world models and generic uncertainty are crowded.,Robotic physics violation audits keeps action-critical alternatives explicit until a physical observation collapses them.
21,arxiv:2409.15250v3,ReVLA: Reverting Visual Domain Limitation of Robotic Foundation Models,2024,arXiv,http://arxiv.org/abs/2409.15250v3,Addresses foundation-model evaluation for embodied agents or a neighboring robotics mechanism.,"Prior work usually predicts, ranks, filters, or imitates observed behavior rather than preserving unrealized branches.",The observed outcome is enough to supervise the model.,"Contact mode support, embodiment limits, and deployment perturbations.","Branch collapse, hidden-mode shift, and tail-risk planning failures.",Generic world models and generic uncertainty are crowded.,Robotic physics violation audits keeps action-critical alternatives explicit until a physical observation collapses them.
22,arxiv:2506.05429v1,Coordinated Robustness Evaluation Framework for Vision-Language Models,2025,arXiv,http://arxiv.org/abs/2506.05429v1,Addresses foundation-model evaluation for embodied agents or a neighboring robotics mechanism.,"Prior work usually predicts, ranks, filters, or imitates observed behavior rather than preserving unrealized branches.",The observed outcome is enough to supervise the model.,"Contact mode support, embodiment limits, and deployment perturbations.","Branch collapse, hidden-mode shift, and tail-risk planning failures.",Generic world models and generic uncertainty are crowded.,Robotic physics violation audits keeps action-critical alternatives explicit until a physical observation collapses them.
23,doi:10.1007/978-3-032-04584-3_27,Verification of a Two-Step Inference Model for Cooperative Evaluation of Robot Actions Using Foundation Models,2026,Springer Proceedings in Advanced Robotics Distributed Autonomous Robotic Systems,https://doi.org/10.1007/978-3-032-04584-3_27,Addresses foundation-model evaluation for embodied agents or a neighboring robotics mechanism.,"Prior work usually predicts, ranks, filters, or imitates observed behavior rather than preserving unrealized branches.",The observed outcome is enough to supervise the model.,"Contact mode support, embodiment limits, and deployment perturbations.","Branch collapse, hidden-mode shift, and tail-risk planning failures.",Generic world models and generic uncertainty are crowded.,Robotic physics violation audits keeps action-critical alternatives explicit until a physical observation collapses them.
24,doi:10.1109/sii59315.2025.10871045,Integrating Multimodal Communication and Comprehension Evaluation during Human-Robot Collaboration for Increased Reliability of Foundation Model-based Task Planning Systems,2025,2025 IEEE/SICE International Symposium on System Integration (SII),https://doi.org/10.1109/sii59315.2025.10871045,Addresses foundation-model evaluation for embodied agents or a neighboring robotics mechanism.,"Prior work usually predicts, ranks, filters, or imitates observed behavior rather than preserving unrealized branches.",The observed outcome is enough to supervise the model.,"Contact mode support, embodiment limits, and deployment perturbations.","Branch collapse, hidden-mode shift, and tail-risk planning failures.",Generic world models and generic uncertainty are crowded.,Robotic physics violation audits keeps action-critical alternatives explicit until a physical observation collapses them.
25,arxiv:2509.15273v2,"Embodied Arena: A Comprehensive, Unified, and Evolving Evaluation Platform for Embodied AI",2025,arXiv,http://arxiv.org/abs/2509.15273v2,Addresses foundation-model evaluation for embodied agents or a neighboring robotics mechanism.,"Prior work usually predicts, ranks, filters, or imitates observed behavior rather than preserving unrealized branches.",The observed outcome is enough to supervise the model.,"Contact mode support, embodiment limits, and deployment perturbations.","Branch collapse, hidden-mode shift, and tail-risk planning failures.",Generic world models and generic uncertainty are crowded.,Robotic physics violation audits keeps action-critical alternatives explicit until a physical observation collapses them.
26,doi:10.52202/079017-0865,GenRL: Multimodal-foundation world models for generalization in embodied agents,2024,Advances in Neural Information Processing Systems 37,https://doi.org/10.52202/079017-0865,Addresses foundation-model evaluation for embodied agents or a neighboring robotics mechanism.,"Prior work usually predicts, ranks, filters, or imitates observed behavior rather than preserving unrealized branches.",The observed outcome is enough to supervise the model.,"Contact mode support, embodiment limits, and deployment perturbations.","Branch collapse, hidden-mode shift, and tail-risk planning failures.",Generic world models and generic uncertainty are crowded.,Robotic physics violation audits keeps action-critical alternatives explicit until a physical observation collapses them.
27,doi:10.1140/epjc/s10052-025-14707-8,Large physics models: towards a collaborative approach with large language models and foundation models,2025,The European Physical Journal C,https://doi.org/10.1140/epjc/s10052-025-14707-8,Addresses foundation-model evaluation for embodied agents or a neighboring robotics mechanism.,"Prior work usually predicts, ranks, filters, or imitates observed behavior rather than preserving unrealized branches.",The observed outcome is enough to supervise the model.,"Contact mode support, embodiment limits, and deployment perturbations.","Branch collapse, hidden-mode shift, and tail-risk planning failures.",Generic world models and generic uncertainty are crowded.,Robotic physics violation audits keeps action-critical alternatives explicit until a physical observation collapses them.
28,doi:10.3390/ai7040131,LLM-Based Control for Simulated Physical Reasoning: Modular Evaluation in the NeurIPS Embodied Agent Interface Challenge,2026,AI,https://doi.org/10.3390/ai7040131,Addresses foundation-model evaluation for embodied agents or a neighboring robotics mechanism.,"Prior work usually predicts, ranks, filters, or imitates observed behavior rather than preserving unrealized branches.",The observed outcome is enough to supervise the model.,"Contact mode support, embodiment limits, and deployment perturbations.","Branch collapse, hidden-mode shift, and tail-risk planning failures.",Generic world models and generic uncertainty are crowded.,Robotic physics violation audits keeps action-critical alternatives explicit until a physical observation collapses them.
29,doi:10.1007/978-3-319-27146-0_4,Physics-Based Motion Planning: Evaluation Criteria and Benchmarking,2016,Advances in Intelligent Systems and Computing Robot 2015: Second Iberian Robotics Conference,https://doi.org/10.1007/978-3-319-27146-0_4,Addresses foundation-model evaluation for embodied agents or a neighboring robotics mechanism.,"Prior work usually predicts, ranks, filters, or imitates observed behavior rather than preserving unrealized branches.",The observed outcome is enough to supervise the model.,"Contact mode support, embodiment limits, and deployment perturbations.","Branch collapse, hidden-mode shift, and tail-risk planning failures.",Generic world models and generic uncertainty are crowded.,Robotic physics violation audits keeps action-critical alternatives explicit until a physical observation collapses them.
30,arxiv:2512.08959v1,EEG-Bench: A Benchmark for EEG Foundation Models in Clinical Applications,2025,arXiv,http://arxiv.org/abs/2512.08959v1,Addresses foundation-model evaluation for embodied agents or a neighboring robotics mechanism.,"Prior work usually predicts, ranks, filters, or imitates observed behavior rather than preserving unrealized branches.",The observed outcome is enough to supervise the model.,"Contact mode support, embodiment limits, and deployment perturbations.","Branch collapse, hidden-mode shift, and tail-risk planning failures.",Generic world models and generic uncertainty are crowded.,Robotic physics violation audits keeps action-critical alternatives explicit until a physical observation collapses them.
31,arxiv:2504.21716v1,LLM-Empowered Embodied Agent for Memory-Augmented Task Planning in Household Robotics,2025,arXiv,http://arxiv.org/abs/2504.21716v1,Addresses foundation-model evaluation for embodied agents or a neighboring robotics mechanism.,"Prior work usually predicts, ranks, filters, or imitates observed behavior rather than preserving unrealized branches.",The observed outcome is enough to supervise the model.,"Contact mode support, embodiment limits, and deployment perturbations.","Branch collapse, hidden-mode shift, and tail-risk planning failures.",Generic world models and generic uncertainty are crowded.,Robotic physics violation audits keeps action-critical alternatives explicit until a physical observation collapses them.
32,arxiv:2308.16149v2,Jais and Jais-chat: Arabic-Centric Foundation and Instruction-Tuned Open Generative Large Language Models,2023,arXiv,http://arxiv.org/abs/2308.16149v2,Addresses foundation-model evaluation for embodied agents or a neighboring robotics mechanism.,"Prior work usually predicts, ranks, filters, or imitates observed behavior rather than preserving unrealized branches.",The observed outcome is enough to supervise the model.,"Contact mode support, embodiment limits, and deployment perturbations.","Branch collapse, hidden-mode shift, and tail-risk planning failures.",Generic world models and generic uncertainty are crowded.,Robotic physics violation audits keeps action-critical alternatives explicit until a physical observation collapses them.
33,doi:10.2139/ssrn.6778930,A physics-informed residual correction framework for pretrained tabular foundation model based battery health prognostics,,,https://doi.org/10.2139/ssrn.6778930,Addresses foundation-model evaluation for embodied agents or a neighboring robotics mechanism.,"Prior work usually predicts, ranks, filters, or imitates observed behavior rather than preserving unrealized branches.",The observed outcome is enough to supervise the model.,"Contact mode support, embodiment limits, and deployment perturbations.","Branch collapse, hidden-mode shift, and tail-risk planning failures.",Generic world models and generic uncertainty are crowded.,Robotic physics violation audits keeps action-critical alternatives explicit until a physical observation collapses them.
34,doi:10.2139/ssrn.6862081,A physics-informed residual correction framework for pretrained tabular foundation model based battery health prognostics,,,https://doi.org/10.2139/ssrn.6862081,Addresses foundation-model evaluation for embodied agents or a neighboring robotics mechanism.,"Prior work usually predicts, ranks, filters, or imitates observed behavior rather than preserving unrealized branches.",The observed outcome is enough to supervise the model.,"Contact mode support, embodiment limits, and deployment perturbations.","Branch collapse, hidden-mode shift, and tail-risk planning failures.",Generic world models and generic uncertainty are crowded.,Robotic physics violation audits keeps action-critical alternatives explicit until a physical observation collapses them.
35,arxiv:2407.08065v1,Towards Interpretable Foundation Models of Robot Behavior: A Task Specific Policy Generation Approach,2024,arXiv,http://arxiv.org/abs/2407.08065v1,Addresses foundation-model evaluation for embodied agents or a neighboring robotics mechanism.,"Prior work usually predicts, ranks, filters, or imitates observed behavior rather than preserving unrealized branches.",The observed outcome is enough to supervise the model.,"Contact mode support, embodiment limits, and deployment perturbations.","Branch collapse, hidden-mode shift, and tail-risk planning failures.",Generic world models and generic uncertainty are crowded.,Robotic physics violation audits keeps action-critical alternatives explicit until a physical observation collapses them.
36,doi:10.56028/aetr.16.1.1488.2026,A Review: Foundation Model-based Person Re-identification,2026,Advances in Engineering Technology Research,https://doi.org/10.56028/aetr.16.1.1488.2026,Addresses foundation-model evaluation for embodied agents or a neighboring robotics mechanism.,"Prior work usually predicts, ranks, filters, or imitates observed behavior rather than preserving unrealized branches.",The observed outcome is enough to supervise the model.,"Contact mode support, embodiment limits, and deployment perturbations.","Branch collapse, hidden-mode shift, and tail-risk planning failures.",Generic world models and generic uncertainty are crowded.,Robotic physics violation audits keeps action-critical alternatives explicit until a physical observation collapses them.
37,doi:10.66279/292sm294,Vision Language Action Models for Embodied Intelligence A Structured Taxonomy Critical Analysis and Future Research Directions,2026,Computational Discovery and Intelligent Systems (CDIS),https://doi.org/10.66279/292sm294,Addresses foundation-model evaluation for embodied agents or a neighboring robotics mechanism.,"Prior work usually predicts, ranks, filters, or imitates observed behavior rather than preserving unrealized branches.",The observed outcome is enough to supervise the model.,"Contact mode support, embodiment limits, and deployment perturbations.","Branch collapse, hidden-mode shift, and tail-risk planning failures.",Generic world models and generic uncertainty are crowded.,Robotic physics violation audits keeps action-critical alternatives explicit until a physical observation collapses them.
38,doi:10.3389/frobt.2021.755150,Implementation and Evaluation of a Grip Behavior Model to Express Emotions for an Android Robot,2021,Frontiers in Robotics and AI,https://doi.org/10.3389/frobt.2021.755150,Addresses foundation-model evaluation for embodied agents or a neighboring robotics mechanism.,"Prior work usually predicts, ranks, filters, or imitates observed behavior rather than preserving unrealized branches.",The observed outcome is enough to supervise the model.,"Contact mode support, embodiment limits, and deployment perturbations.","Branch collapse, hidden-mode shift, and tail-risk planning failures.",Generic world models and generic uncertainty are crowded.,Robotic physics violation audits keeps action-critical alternatives explicit until a physical observation collapses them.
39,doi:10.2196/76496,Acceptability and Usability of a Socially Assistive Robot Integrated With a Large Language Model for Enhanced Human-Robot Interaction in a Geriatric Care Institution: Mixed Methods Evaluation,2025,JMIR Human Factors,https://doi.org/10.2196/76496,Addresses foundation-model evaluation for embodied agents or a neighboring robotics mechanism.,"Prior work usually predicts, ranks, filters, or imitates observed behavior rather than preserving unrealized branches.",The observed outcome is enough to supervise the model.,"Contact mode support, embodiment limits, and deployment perturbations.","Branch collapse, hidden-mode shift, and tail-risk planning failures.",Generic world models and generic uncertainty are crowded.,Robotic physics violation audits keeps action-critical alternatives explicit until a physical observation collapses them.
40,doi:10.1190/geo2024-0262.1,Seismic foundation model: A next generation deep-learning model in geophysics,2025,Geophysics,https://doi.org/10.1190/geo2024-0262.1,Addresses foundation-model evaluation for embodied agents or a neighboring robotics mechanism.,"Prior work usually predicts, ranks, filters, or imitates observed behavior rather than preserving unrealized branches.",The observed outcome is enough to supervise the model.,"Contact mode support, embodiment limits, and deployment perturbations.","Branch collapse, hidden-mode shift, and tail-risk planning failures.",Generic world models and generic uncertainty are crowded.,Robotic physics violation audits keeps action-critical alternatives explicit until a physical observation collapses them.
41,doi:10.20944/preprints202510.0649.v1,Physic Grounded Vision Foundation Models for Human Computer Interaction in Embodied Environments,,,https://doi.org/10.20944/preprints202510.0649.v1,Addresses foundation-model evaluation for embodied agents or a neighboring robotics mechanism.,"Prior work usually predicts, ranks, filters, or imitates observed behavior rather than preserving unrealized branches.",The observed outcome is enough to supervise the model.,"Contact mode support, embodiment limits, and deployment perturbations.","Branch collapse, hidden-mode shift, and tail-risk planning failures.",Generic world models and generic uncertainty are crowded.,Robotic physics violation audits keeps action-critical alternatives explicit until a physical observation collapses them.
42,doi:10.1115/omae2013-10935,Numerical Evaluation of PLEM Structure and Foundation Modes of Failure and Failure Consequences,2013,Volume 6: Polar and Arctic Sciences and Technology; Offshore Geotechnics; Petroleum Technology Symposium,https://doi.org/10.1115/omae2013-10935,Addresses foundation-model evaluation for embodied agents or a neighboring robotics mechanism.,"Prior work usually predicts, ranks, filters, or imitates observed behavior rather than preserving unrealized branches.",The observed outcome is enough to supervise the model.,"Contact mode support, embodiment limits, and deployment perturbations.","Branch collapse, hidden-mode shift, and tail-risk planning failures.",Generic world models and generic uncertainty are crowded.,Robotic physics violation audits keeps action-critical alternatives explicit until a physical observation collapses them.
43,arxiv:2201.07207v2,Language Models as Zero-Shot Planners: Extracting Actionable Knowledge for Embodied Agents,2022,arXiv,http://arxiv.org/abs/2201.07207v2,Addresses foundation-model evaluation for embodied agents or a neighboring robotics mechanism.,"Prior work usually predicts, ranks, filters, or imitates observed behavior rather than preserving unrealized branches.",The observed outcome is enough to supervise the model.,"Contact mode support, embodiment limits, and deployment perturbations.","Branch collapse, hidden-mode shift, and tail-risk planning failures.",Generic world models and generic uncertainty are crowded.,Robotic physics violation audits keeps action-critical alternatives explicit until a physical observation collapses them.
44,arxiv:1912.05604v1,"A Billion Ways to Grasp: An Evaluation of Grasp Sampling Schemes on a Dense, Physics-based Grasp Data Set",2019,arXiv,http://arxiv.org/abs/1912.05604v1,Addresses foundation-model evaluation for embodied agents or a neighboring robotics mechanism.,"Prior work usually predicts, ranks, filters, or imitates observed behavior rather than preserving unrealized branches.",The observed outcome is enough to supervise the model.,"Contact mode support, embodiment limits, and deployment perturbations.","Branch collapse, hidden-mode shift, and tail-risk planning failures.",Generic world models and generic uncertainty are crowded.,Robotic physics violation audits keeps action-critical alternatives explicit until a physical observation collapses them.
45,doi:10.21203/rs.3.rs-9743665/v1,Emotion–Cognition Coupling in Large Language Model Agents: Empirical Evidence from Controlled Information Evaluation Experiments,,,https://doi.org/10.21203/rs.3.rs-9743665/v1,Addresses foundation-model evaluation for embodied agents or a neighboring robotics mechanism.,"Prior work usually predicts, ranks, filters, or imitates observed behavior rather than preserving unrealized branches.",The observed outcome is enough to supervise the model.,"Contact mode support, embodiment limits, and deployment perturbations.","Branch collapse, hidden-mode shift, and tail-risk planning failures.",Generic world models and generic uncertainty are crowded.,Robotic physics violation audits keeps action-critical alternatives explicit until a physical observation collapses them.
46,arxiv:2505.00935v1,Autonomous Embodied Agents: When Robotics Meets Deep Learning Reasoning,2025,arXiv,http://arxiv.org/abs/2505.00935v1,Addresses foundation-model evaluation for embodied agents or a neighboring robotics mechanism.,"Prior work usually predicts, ranks, filters, or imitates observed behavior rather than preserving unrealized branches.",The observed outcome is enough to supervise the model.,"Contact mode support, embodiment limits, and deployment perturbations.","Branch collapse, hidden-mode shift, and tail-risk planning failures.",Generic world models and generic uncertainty are crowded.,Robotic physics violation audits keeps action-critical alternatives explicit until a physical observation collapses them.
47,arxiv:2509.23155v2,LAGEA: Language Guided Embodied Agents for Robotic Manipulation,2025,arXiv,http://arxiv.org/abs/2509.23155v2,Addresses foundation-model evaluation for embodied agents or a neighboring robotics mechanism.,"Prior work usually predicts, ranks, filters, or imitates observed behavior rather than preserving unrealized branches.",The observed outcome is enough to supervise the model.,"Contact mode support, embodiment limits, and deployment perturbations.","Branch collapse, hidden-mode shift, and tail-risk planning failures.",Generic world models and generic uncertainty are crowded.,Robotic physics violation audits keeps action-critical alternatives explicit until a physical observation collapses them.
48,doi:10.3389/frobt.2024.1401677,SNN4Agents: a framework for developing energy-efficient embodied spiking neural networks for autonomous agents,2024,Frontiers in Robotics and AI,https://doi.org/10.3389/frobt.2024.1401677,Addresses foundation-model evaluation for embodied agents or a neighboring robotics mechanism.,"Prior work usually predicts, ranks, filters, or imitates observed behavior rather than preserving unrealized branches.",The observed outcome is enough to supervise the model.,"Contact mode support, embodiment limits, and deployment perturbations.","Branch collapse, hidden-mode shift, and tail-risk planning failures.",Generic world models and generic uncertainty are crowded.,Robotic physics violation audits keeps action-critical alternatives explicit until a physical observation collapses them.
49,title:embocoach bench benchmarking ai agents on developing embodied robots,EmboCoach-Bench: Benchmarking AI Agents on Developing Embodied Robots,2026,ArXiv.org,https://openalex.org/W7126282007,Addresses foundation-model evaluation for embodied agents or a neighboring robotics mechanism.,"Prior work usually predicts, ranks, filters, or imitates observed behavior rather than preserving unrealized branches.",The observed outcome is enough to supervise the model.,"Contact mode support, embodiment limits, and deployment perturbations.","Branch collapse, hidden-mode shift, and tail-risk planning failures.",Generic world models and generic uncertainty are crowded.,Robotic physics violation audits keeps action-critical alternatives explicit until a physical observation collapses them.
50,doi:10.3390/robotics10010045,Cobot User Frame Calibration: Evaluation and Comparison between Positioning Repeatability Performances Achieved by Traditional and Vision-Based Methods,2021,Robotics,https://doi.org/10.3390/robotics10010045,Addresses foundation-model evaluation for embodied agents or a neighboring robotics mechanism.,"Prior work usually predicts, ranks, filters, or imitates observed behavior rather than preserving unrealized branches.",The observed outcome is enough to supervise the model.,"Contact mode support, embodiment limits, and deployment perturbations.","Branch collapse, hidden-mode shift, and tail-risk planning failures.",Generic world models and generic uncertainty are crowded.,Robotic physics violation audits keeps action-critical alternatives explicit until a physical observation collapses them.
51,doi:10.1093/jamiaopen/ooaf067,Conversational health agents: a personalized large language model-powered agent framework,2025,JAMIA Open,https://doi.org/10.1093/jamiaopen/ooaf067,Addresses foundation-model evaluation for embodied agents or a neighboring robotics mechanism.,"Prior work usually predicts, ranks, filters, or imitates observed behavior rather than preserving unrealized branches.",The observed outcome is enough to supervise the model.,"Contact mode support, embodiment limits, and deployment perturbations.","Branch collapse, hidden-mode shift, and tail-risk planning failures.",Generic world models and generic uncertainty are crowded.,Robotic physics violation audits keeps action-critical alternatives explicit until a physical observation collapses them.
52,doi:10.12989/csm.2013.2.1.085,Strain-based seismic failure evaluation of coupled dam-reservoir-foundation system,2013,Coupled Systems Mechanics,https://doi.org/10.12989/csm.2013.2.1.085,Addresses foundation-model evaluation for embodied agents or a neighboring robotics mechanism.,"Prior work usually predicts, ranks, filters, or imitates observed behavior rather than preserving unrealized branches.",The observed outcome is enough to supervise the model.,"Contact mode support, embodiment limits, and deployment perturbations.","Branch collapse, hidden-mode shift, and tail-risk planning failures.",Generic world models and generic uncertainty are crowded.,Robotic physics violation audits keeps action-critical alternatives explicit until a physical observation collapses them.
53,doi:10.2514/1.43207,Physics-Based Foundation for Empirical Mode Decomposition,2009,AIAA Journal,https://doi.org/10.2514/1.43207,Addresses foundation-model evaluation for embodied agents or a neighboring robotics mechanism.,"Prior work usually predicts, ranks, filters, or imitates observed behavior rather than preserving unrealized branches.",The observed outcome is enough to supervise the model.,"Contact mode support, embodiment limits, and deployment perturbations.","Branch collapse, hidden-mode shift, and tail-risk planning failures.",Generic world models and generic uncertainty are crowded.,Robotic physics violation audits keeps action-critical alternatives explicit until a physical observation collapses them.
54,doi:10.1145/3776734.3794552,Anticipating Safety and Security Risks of Embodied AI: A Multidimensional Risk Framework for Foundation Models in HRI,2026,Companion Proceedings of the 21st ACM/IEEE International Conference on Human-Robot Interaction,https://doi.org/10.1145/3776734.3794552,Addresses foundation-model evaluation for embodied agents or a neighboring robotics mechanism.,"Prior work usually predicts, ranks, filters, or imitates observed behavior rather than preserving unrealized branches.",The observed outcome is enough to supervise the model.,"Contact mode support, embodiment limits, and deployment perturbations.","Branch collapse, hidden-mode shift, and tail-risk planning failures.",Generic world models and generic uncertainty are crowded.,Robotic physics violation audits keeps action-critical alternatives explicit until a physical observation collapses them.
55,doi:10.7551/mitpress/2697.003.0015,Measurement and Evaluation of Embodied Conversational Agents,2000,Embodied Conversational Agents,https://doi.org/10.7551/mitpress/2697.003.0015,Addresses foundation-model evaluation for embodied agents or a neighboring robotics mechanism.,"Prior work usually predicts, ranks, filters, or imitates observed behavior rather than preserving unrealized branches.",The observed outcome is enough to supervise the model.,"Contact mode support, embodiment limits, and deployment perturbations.","Branch collapse, hidden-mode shift, and tail-risk planning failures.",Generic world models and generic uncertainty are crowded.,Robotic physics violation audits keeps action-critical alternatives explicit until a physical observation collapses them.
56,doi:10.3390/a17030113,Evaluation of Neural Network Effectiveness on Sliding Mode Control of Delta Robot for Trajectory Tracking,2024,Algorithms,https://doi.org/10.3390/a17030113,Addresses foundation-model evaluation for embodied agents or a neighboring robotics mechanism.,"Prior work usually predicts, ranks, filters, or imitates observed behavior rather than preserving unrealized branches.",The observed outcome is enough to supervise the model.,"Contact mode support, embodiment limits, and deployment perturbations.","Branch collapse, hidden-mode shift, and tail-risk planning failures.",Generic world models and generic uncertainty are crowded.,Robotic physics violation audits keeps action-critical alternatives explicit until a physical observation collapses them.
57,doi:10.1115/detc2010-28750,Evaluation of Contact Force and Elastic Foundation Models for Wear Analysis of Multibody Systems,2010,"Volume 2: 34th Annual Mechanisms and Robotics Conference, Parts A and B",https://doi.org/10.1115/detc2010-28750,Addresses foundation-model evaluation for embodied agents or a neighboring robotics mechanism.,"Prior work usually predicts, ranks, filters, or imitates observed behavior rather than preserving unrealized branches.",The observed outcome is enough to supervise the model.,"Contact mode support, embodiment limits, and deployment perturbations.","Branch collapse, hidden-mode shift, and tail-risk planning failures.",Generic world models and generic uncertainty are crowded.,Robotic physics violation audits keeps action-critical alternatives explicit until a physical observation collapses them.
58,arxiv:2507.07439v1,Towards Interpretable Time Series Foundation Models,2025,arXiv,http://arxiv.org/abs/2507.07439v1,Addresses foundation-model evaluation for embodied agents or a neighboring robotics mechanism.,"Prior work usually predicts, ranks, filters, or imitates observed behavior rather than preserving unrealized branches.",The observed outcome is enough to supervise the model.,"Contact mode support, embodiment limits, and deployment perturbations.","Branch collapse, hidden-mode shift, and tail-risk planning failures.",Generic world models and generic uncertainty are crowded.,Robotic physics violation audits keeps action-critical alternatives explicit until a physical observation collapses them.
59,arxiv:2504.09480v1,Vision-Language Model for Object Detection and Segmentation: A Review and Evaluation,2025,arXiv,http://arxiv.org/abs/2504.09480v1,Addresses foundation-model evaluation for embodied agents or a neighboring robotics mechanism.,"Prior work usually predicts, ranks, filters, or imitates observed behavior rather than preserving unrealized branches.",The observed outcome is enough to supervise the model.,"Contact mode support, embodiment limits, and deployment perturbations.","Branch collapse, hidden-mode shift, and tail-risk planning failures.",Generic world models and generic uncertainty are crowded.,Robotic physics violation audits keeps action-critical alternatives explicit until a physical observation collapses them.
60,doi:10.3390/systems11070348,Failure Mode and Effect Analysis with a Fuzzy Logic Approach,2023,Systems,https://doi.org/10.3390/systems11070348,Addresses foundation-model evaluation for embodied agents or a neighboring robotics mechanism.,"Prior work usually predicts, ranks, filters, or imitates observed behavior rather than preserving unrealized branches.",The observed outcome is enough to supervise the model.,"Contact mode support, embodiment limits, and deployment perturbations.","Branch collapse, hidden-mode shift, and tail-risk planning failures.",Generic world models and generic uncertainty are crowded.,Robotic physics violation audits keeps action-critical alternatives explicit until a physical observation collapses them.
61,doi:10.1155/2019/5015741,Evaluation of Image Enhancement Techniques for Vision-Based Navigation under Low Illumination,2019,Journal of Robotics,https://doi.org/10.1155/2019/5015741,Addresses foundation-model evaluation for embodied agents or a neighboring robotics mechanism.,"Prior work usually predicts, ranks, filters, or imitates observed behavior rather than preserving unrealized branches.",The observed outcome is enough to supervise the model.,"Contact mode support, embodiment limits, and deployment perturbations.","Branch collapse, hidden-mode shift, and tail-risk planning failures.",Generic world models and generic uncertainty are crowded.,Robotic physics violation audits keeps action-critical alternatives explicit until a physical observation collapses them.
62,doi:10.4018/979-8-3693-5380-6.ch022,Human Evaluation in Large Language Model Testing,2024,Advances in Computational Intelligence and Robotics Advancements in Intelligent Process Automation,https://doi.org/10.4018/979-8-3693-5380-6.ch022,Addresses foundation-model evaluation for embodied agents or a neighboring robotics mechanism.,"Prior work usually predicts, ranks, filters, or imitates observed behavior rather than preserving unrealized branches.",The observed outcome is enough to supervise the model.,"Contact mode support, embodiment limits, and deployment perturbations.","Branch collapse, hidden-mode shift, and tail-risk planning failures.",Generic world models and generic uncertainty are crowded.,Robotic physics violation audits keeps action-critical alternatives explicit until a physical observation collapses them.
63,doi:10.3390/pr12061197,Probabilistic Fuzzy System for Evaluation and Classification in Failure Mode and Effect Analysis,2024,Processes,https://doi.org/10.3390/pr12061197,Addresses foundation-model evaluation for embodied agents or a neighboring robotics mechanism.,"Prior work usually predicts, ranks, filters, or imitates observed behavior rather than preserving unrealized branches.",The observed outcome is enough to supervise the model.,"Contact mode support, embodiment limits, and deployment perturbations.","Branch collapse, hidden-mode shift, and tail-risk planning failures.",Generic world models and generic uncertainty are crowded.,Robotic physics violation audits keeps action-critical alternatives explicit until a physical observation collapses them.
64,doi:10.1201/9780429319778-244,Seismic failure mechanism and safety evaluation of high arch dam-foundation system under MCE,2019,Sustainable and Safe Dams Around the World,https://doi.org/10.1201/9780429319778-244,Addresses foundation-model evaluation for embodied agents or a neighboring robotics mechanism.,"Prior work usually predicts, ranks, filters, or imitates observed behavior rather than preserving unrealized branches.",The observed outcome is enough to supervise the model.,"Contact mode support, embodiment limits, and deployment perturbations.","Branch collapse, hidden-mode shift, and tail-risk planning failures.",Generic world models and generic uncertainty are crowded.,Robotic physics violation audits keeps action-critical alternatives explicit until a physical observation collapses them.
65,doi:10.3390/app15084256,The Development of an Emotional Embodied Conversational Agent and the Evaluation of the Effect of Response Delay on User Impression,2025,Applied Sciences,https://doi.org/10.3390/app15084256,Addresses foundation-model evaluation for embodied agents or a neighboring robotics mechanism.,"Prior work usually predicts, ranks, filters, or imitates observed behavior rather than preserving unrealized branches.",The observed outcome is enough to supervise the model.,"Contact mode support, embodiment limits, and deployment perturbations.","Branch collapse, hidden-mode shift, and tail-risk planning failures.",Generic world models and generic uncertainty are crowded.,Robotic physics violation audits keeps action-critical alternatives explicit until a physical observation collapses them.
66,doi:10.2308/jeta-2024-041,Design AI Agent for Auditing: Applying Large Language Models (LLMs) and Retrieval Augmented Generations (RAG) to Audit Workflows,2026,Journal of Emerging Technologies in Accounting,https://doi.org/10.2308/jeta-2024-041,Addresses foundation-model evaluation for embodied agents or a neighboring robotics mechanism.,"Prior work usually predicts, ranks, filters, or imitates observed behavior rather than preserving unrealized branches.",The observed outcome is enough to supervise the model.,"Contact mode support, embodiment limits, and deployment perturbations.","Branch collapse, hidden-mode shift, and tail-risk planning failures.",Generic world models and generic uncertainty are crowded.,Robotic physics violation audits keeps action-critical alternatives explicit until a physical observation collapses them.
67,doi:10.3389/frobt.2026.1758391,Human–AI co-research on design and evaluation of Embodied Conversational Agent in rehabilitation contexts,2026,Frontiers in Robotics and AI,https://doi.org/10.3389/frobt.2026.1758391,Addresses foundation-model evaluation for embodied agents or a neighboring robotics mechanism.,"Prior work usually predicts, ranks, filters, or imitates observed behavior rather than preserving unrealized branches.",The observed outcome is enough to supervise the model.,"Contact mode support, embodiment limits, and deployment perturbations.","Branch collapse, hidden-mode shift, and tail-risk planning failures.",Generic world models and generic uncertainty are crowded.,Robotic physics violation audits keeps action-critical alternatives explicit until a physical observation collapses them.
68,doi:10.21203/rs.3.rs-7097139/v3,A Physics-aware Bayesian Vision Transformer for Seismic AVO Inversion: Towards an Embodied Structural Intelligence Framework with Structure-aware Uncertainty Modeling,,,https://doi.org/10.21203/rs.3.rs-7097139/v3,Addresses foundation-model evaluation for embodied agents or a neighboring robotics mechanism.,"Prior work usually predicts, ranks, filters, or imitates observed behavior rather than preserving unrealized branches.",The observed outcome is enough to supervise the model.,"Contact mode support, embodiment limits, and deployment perturbations.","Branch collapse, hidden-mode shift, and tail-risk planning failures.",Generic world models and generic uncertainty are crowded.,Robotic physics violation audits keeps action-critical alternatives explicit until a physical observation collapses them.
69,doi:10.26434/chemrxiv.15004114/v1,Predicting PROTAC Oral Bioavailability with Physics-Based Foundation Model Finetuning,,,https://doi.org/10.26434/chemrxiv.15004114/v1,Addresses foundation-model evaluation for embodied agents or a neighboring robotics mechanism.,"Prior work usually predicts, ranks, filters, or imitates observed behavior rather than preserving unrealized branches.",The observed outcome is enough to supervise the model.,"Contact mode support, embodiment limits, and deployment perturbations.","Branch collapse, hidden-mode shift, and tail-risk planning failures.",Generic world models and generic uncertainty are crowded.,Robotic physics violation audits keeps action-critical alternatives explicit until a physical observation collapses them.
70,doi:10.1109/tse.2025.3533972,On the Workflows and Smells of Leaderboard Operations (LBOps): An Exploratory Study of Foundation Model Leaderboards,2024,arXiv,http://arxiv.org/abs/2407.04065v4,Addresses foundation-model evaluation for embodied agents or a neighboring robotics mechanism.,"Prior work usually predicts, ranks, filters, or imitates observed behavior rather than preserving unrealized branches.",The observed outcome is enough to supervise the model.,"Contact mode support, embodiment limits, and deployment perturbations.","Branch collapse, hidden-mode shift, and tail-risk planning failures.",Generic world models and generic uncertainty are crowded.,Robotic physics violation audits keeps action-critical alternatives explicit until a physical observation collapses them.
71,doi:10.66967/jaics.2026.v2i103,Multimodal AI: PaLM-E’s Role in Vision–Language–Robotics & the Future of Efficient Fine-Tuning,2026,Journal of Artificial Intelligence & Control Systems,https://doi.org/10.66967/jaics.2026.v2i103,Addresses foundation-model evaluation for embodied agents or a neighboring robotics mechanism.,"Prior work usually predicts, ranks, filters, or imitates observed behavior rather than preserving unrealized branches.",The observed outcome is enough to supervise the model.,"Contact mode support, embodiment limits, and deployment perturbations.","Branch collapse, hidden-mode shift, and tail-risk planning failures.",Generic world models and generic uncertainty are crowded.,Robotic physics violation audits keeps action-critical alternatives explicit until a physical observation collapses them.
72,doi:10.22260/isarc2013/0003,Evaluation of Industry Foundation Classes for Practical Building Information Modeling Interoperability,2013,Proceedings of the International Symposium on Automation and Robotics in Construction (IAARC) Proceedings of the 30th International Symposium on Automation and Robotics in Construction and Mining (ISARC 2013): Building the Future in Automation and Robotics,https://doi.org/10.22260/isarc2013/0003,Addresses foundation-model evaluation for embodied agents or a neighboring robotics mechanism.,"Prior work usually predicts, ranks, filters, or imitates observed behavior rather than preserving unrealized branches.",The observed outcome is enough to supervise the model.,"Contact mode support, embodiment limits, and deployment perturbations.","Branch collapse, hidden-mode shift, and tail-risk planning failures.",Generic world models and generic uncertainty are crowded.,Robotic physics violation audits keeps action-critical alternatives explicit until a physical observation collapses them.
73,doi:10.3389/fncom.2024.1352685,Design and evaluation of a global workspace agent embodied in a realistic multimodal environment,2024,Frontiers in Computational Neuroscience,https://doi.org/10.3389/fncom.2024.1352685,Addresses foundation-model evaluation for embodied agents or a neighboring robotics mechanism.,"Prior work usually predicts, ranks, filters, or imitates observed behavior rather than preserving unrealized branches.",The observed outcome is enough to supervise the model.,"Contact mode support, embodiment limits, and deployment perturbations.","Branch collapse, hidden-mode shift, and tail-risk planning failures.",Generic world models and generic uncertainty are crowded.,Robotic physics violation audits keeps action-critical alternatives explicit until a physical observation collapses them.
74,arxiv:2512.08188v1,Embodied Tree of Thoughts: Deliberate Manipulation Planning with Embodied World Model,2025,arXiv,http://arxiv.org/abs/2512.08188v1,Addresses foundation-model evaluation for embodied agents or a neighboring robotics mechanism.,"Prior work usually predicts, ranks, filters, or imitates observed behavior rather than preserving unrealized branches.",The observed outcome is enough to supervise the model.,"Contact mode support, embodiment limits, and deployment perturbations.","Branch collapse, hidden-mode shift, and tail-risk planning failures.",Generic world models and generic uncertainty are crowded.,Robotic physics violation audits keeps action-critical alternatives explicit until a physical observation collapses them.
75,doi:10.1109/icra55743.2025.11127927,ASCENT: Autonomous Skill Learning Toward Complex Embodied Tasks With Foundation Models,2025,2025 IEEE International Conference on Robotics and Automation (ICRA),https://doi.org/10.1109/icra55743.2025.11127927,Addresses foundation-model evaluation for embodied agents or a neighboring robotics mechanism.,"Prior work usually predicts, ranks, filters, or imitates observed behavior rather than preserving unrealized branches.",The observed outcome is enough to supervise the model.,"Contact mode support, embodiment limits, and deployment perturbations.","Branch collapse, hidden-mode shift, and tail-risk planning failures.",Generic world models and generic uncertainty are crowded.,Robotic physics violation audits keeps action-critical alternatives explicit until a physical observation collapses them.
76,doi:10.1016/j.engfailanal.2011.06.014,Risk evaluation in failure mode and effects analysis of aircraft turbine rotor blades using Dempster–Shafer evidence theory under uncertainty,2011,Engineering Failure Analysis,https://doi.org/10.1016/j.engfailanal.2011.06.014,Addresses foundation-model evaluation for embodied agents or a neighboring robotics mechanism.,"Prior work usually predicts, ranks, filters, or imitates observed behavior rather than preserving unrealized branches.",The observed outcome is enough to supervise the model.,"Contact mode support, embodiment limits, and deployment perturbations.","Branch collapse, hidden-mode shift, and tail-risk planning failures.",Generic world models and generic uncertainty are crowded.,Robotic physics violation audits keeps action-critical alternatives explicit until a physical observation collapses them.
77,arxiv:2509.13780v1,Behavior Foundation Model for Humanoid Robots,2025,arXiv,http://arxiv.org/abs/2509.13780v1,Addresses foundation-model evaluation for embodied agents or a neighboring robotics mechanism.,"Prior work usually predicts, ranks, filters, or imitates observed behavior rather than preserving unrealized branches.",The observed outcome is enough to supervise the model.,"Contact mode support, embodiment limits, and deployment perturbations.","Branch collapse, hidden-mode shift, and tail-risk planning failures.",Generic world models and generic uncertainty are crowded.,Robotic physics violation audits keeps action-critical alternatives explicit until a physical observation collapses them.
78,arxiv:2602.03973v1,VLS: Steering Pretrained Robot Policies via Vision-Language Models,2026,arXiv,http://arxiv.org/abs/2602.03973v1,Addresses foundation-model evaluation for embodied agents or a neighboring robotics mechanism.,"Prior work usually predicts, ranks, filters, or imitates observed behavior rather than preserving unrealized branches.",The observed outcome is enough to supervise the model.,"Contact mode support, embodiment limits, and deployment perturbations.","Branch collapse, hidden-mode shift, and tail-risk planning failures.",Generic world models and generic uncertainty are crowded.,Robotic physics violation audits keeps action-critical alternatives explicit until a physical observation collapses them.
79,arxiv:2603.12510v3,Red-Teaming Vision-Language-Action Models via Quality Diversity Prompt Generation for Robust Robot Policies,2026,arXiv,http://arxiv.org/abs/2603.12510v3,Addresses foundation-model evaluation for embodied agents or a neighboring robotics mechanism.,"Prior work usually predicts, ranks, filters, or imitates observed behavior rather than preserving unrealized branches.",The observed outcome is enough to supervise the model.,"Contact mode support, embodiment limits, and deployment perturbations.","Branch collapse, hidden-mode shift, and tail-risk planning failures.",Generic world models and generic uncertainty are crowded.,Robotic physics violation audits keeps action-critical alternatives explicit until a physical observation collapses them.
80,doi:10.70777/si.v2i3.15161,"AI Agents vs. Agentic AI: A Conceptual Taxonomy, Applications and Challenges",2025,SuperIntelligence - Robotics - Safety & Alignment,https://doi.org/10.70777/si.v2i3.15161,Addresses foundation-model evaluation for embodied agents or a neighboring robotics mechanism.,"Prior work usually predicts, ranks, filters, or imitates observed behavior rather than preserving unrealized branches.",The observed outcome is enough to supervise the model.,"Contact mode support, embodiment limits, and deployment perturbations.","Branch collapse, hidden-mode shift, and tail-risk planning failures.",Generic world models and generic uncertainty are crowded.,Robotic physics violation audits keeps action-critical alternatives explicit until a physical observation collapses them.
81,doi:10.33140/jeee.03.02.03,The Errors in the Foundation of the “Standard Model” theory and the “New Model”,2024,Journal of Electrical Electronics Engineering,https://doi.org/10.33140/jeee.03.02.03,Addresses foundation-model evaluation for embodied agents or a neighboring robotics mechanism.,"Prior work usually predicts, ranks, filters, or imitates observed behavior rather than preserving unrealized branches.",The observed outcome is enough to supervise the model.,"Contact mode support, embodiment limits, and deployment perturbations.","Branch collapse, hidden-mode shift, and tail-risk planning failures.",Generic world models and generic uncertainty are crowded.,Robotic physics violation audits keeps action-critical alternatives explicit until a physical observation collapses them.
82,arxiv:2312.11562v5,A Survey of Reasoning with Foundation Models,2023,arXiv,http://arxiv.org/abs/2312.11562v5,Addresses foundation-model evaluation for embodied agents or a neighboring robotics mechanism.,"Prior work usually predicts, ranks, filters, or imitates observed behavior rather than preserving unrealized branches.",The observed outcome is enough to supervise the model.,"Contact mode support, embodiment limits, and deployment perturbations.","Branch collapse, hidden-mode shift, and tail-risk planning failures.",Generic world models and generic uncertainty are crowded.,Robotic physics violation audits keeps action-critical alternatives explicit until a physical observation collapses them.
83,arxiv:2306.05716v5,Transferring Foundation Models for Generalizable Robotic Manipulation,2023,arXiv,http://arxiv.org/abs/2306.05716v5,Addresses foundation-model evaluation for embodied agents or a neighboring robotics mechanism.,"Prior work usually predicts, ranks, filters, or imitates observed behavior rather than preserving unrealized branches.",The observed outcome is enough to supervise the model.,"Contact mode support, embodiment limits, and deployment perturbations.","Branch collapse, hidden-mode shift, and tail-risk planning failures.",Generic world models and generic uncertainty are crowded.,Robotic physics violation audits keeps action-critical alternatives explicit until a physical observation collapses them.
84,arxiv:2605.25495v1,RepSAM: Bridging Foundation Models to Robotic Vision via Representation-Guided Adaptation,2026,arXiv,http://arxiv.org/abs/2605.25495v1,Addresses foundation-model evaluation for embodied agents or a neighboring robotics mechanism.,"Prior work usually predicts, ranks, filters, or imitates observed behavior rather than preserving unrealized branches.",The observed outcome is enough to supervise the model.,"Contact mode support, embodiment limits, and deployment perturbations.","Branch collapse, hidden-mode shift, and tail-risk planning failures.",Generic world models and generic uncertainty are crowded.,Robotic physics violation audits keeps action-critical alternatives explicit until a physical observation collapses them.
85,doi:10.3390/s24092794,"Bridging Requirements, Planning, and Evaluation: A Review of Social Robot Navigation",2024,Sensors,https://doi.org/10.3390/s24092794,Addresses foundation-model evaluation for embodied agents or a neighboring robotics mechanism.,"Prior work usually predicts, ranks, filters, or imitates observed behavior rather than preserving unrealized branches.",The observed outcome is enough to supervise the model.,"Contact mode support, embodiment limits, and deployment perturbations.","Branch collapse, hidden-mode shift, and tail-risk planning failures.",Generic world models and generic uncertainty are crowded.,Robotic physics violation audits keeps action-critical alternatives explicit until a physical observation collapses them.
86,doi:10.1088/1361-6560/adbff1,A feasibility study of automating radiotherapy planning with large language model agents,2025,Physics in Medicine & Biology,https://doi.org/10.1088/1361-6560/adbff1,Addresses foundation-model evaluation for embodied agents or a neighboring robotics mechanism.,"Prior work usually predicts, ranks, filters, or imitates observed behavior rather than preserving unrealized branches.",The observed outcome is enough to supervise the model.,"Contact mode support, embodiment limits, and deployment perturbations.","Branch collapse, hidden-mode shift, and tail-risk planning failures.",Generic world models and generic uncertainty are crowded.,Robotic physics violation audits keeps action-critical alternatives explicit until a physical observation collapses them.
87,doi:10.5194/egusphere-egu26-19179,A Physics-consistent Foundation Model for Learning Earth Surface Dynamics,,,https://doi.org/10.5194/egusphere-egu26-19179,Addresses foundation-model evaluation for embodied agents or a neighboring robotics mechanism.,"Prior work usually predicts, ranks, filters, or imitates observed behavior rather than preserving unrealized branches.",The observed outcome is enough to supervise the model.,"Contact mode support, embodiment limits, and deployment perturbations.","Branch collapse, hidden-mode shift, and tail-risk planning failures.",Generic world models and generic uncertainty are crowded.,Robotic physics violation audits keeps action-critical alternatives explicit until a physical observation collapses them.
88,doi:10.5194/egusphere-egu25-14024,KU River Dataset for Waterbody Segmentation in South Korea: Application of Foundation Model with Auto-prompting,,,https://doi.org/10.5194/egusphere-egu25-14024,Addresses foundation-model evaluation for embodied agents or a neighboring robotics mechanism.,"Prior work usually predicts, ranks, filters, or imitates observed behavior rather than preserving unrealized branches.",The observed outcome is enough to supervise the model.,"Contact mode support, embodiment limits, and deployment perturbations.","Branch collapse, hidden-mode shift, and tail-risk planning failures.",Generic world models and generic uncertainty are crowded.,Robotic physics violation audits keeps action-critical alternatives explicit until a physical observation collapses them.
89,doi:10.1609/aaai.v40i8.37583,Any-Optical-Model: A Universal Foundation Model for Optical Remote Sensing,2026,Proceedings of the AAAI Conference on Artificial Intelligence,https://doi.org/10.1609/aaai.v40i8.37583,Addresses foundation-model evaluation for embodied agents or a neighboring robotics mechanism.,"Prior work usually predicts, ranks, filters, or imitates observed behavior rather than preserving unrealized branches.",The observed outcome is enough to supervise the model.,"Contact mode support, embodiment limits, and deployment perturbations.","Branch collapse, hidden-mode shift, and tail-risk planning failures.",Generic world models and generic uncertainty are crowded.,Robotic physics violation audits keeps action-critical alternatives explicit until a physical observation collapses them.
90,doi:10.1007/978-3-642-01250-1_7,"Evolving Communication in Embodied Agents: Theory, Methods, and Evaluation",2010,Evolution of Communication and Language in Embodied Agents,https://doi.org/10.1007/978-3-642-01250-1_7,Addresses foundation-model evaluation for embodied agents or a neighboring robotics mechanism.,"Prior work usually predicts, ranks, filters, or imitates observed behavior rather than preserving unrealized branches.",The observed outcome is enough to supervise the model.,"Contact mode support, embodiment limits, and deployment perturbations.","Branch collapse, hidden-mode shift, and tail-risk planning failures.",Generic world models and generic uncertainty are crowded.,Robotic physics violation audits keeps action-critical alternatives explicit until a physical observation collapses them.
91,doi:10.18653/v1/2024.alvr-1.4,Negative Object Presence Evaluation (NOPE) to Measure Object Hallucination in Vision-Language Models,2024,Proceedings of the 3rd Workshop on Advances in Language and Vision Research (ALVR),https://doi.org/10.18653/v1/2024.alvr-1.4,Addresses foundation-model evaluation for embodied agents or a neighboring robotics mechanism.,"Prior work usually predicts, ranks, filters, or imitates observed behavior rather than preserving unrealized branches.",The observed outcome is enough to supervise the model.,"Contact mode support, embodiment limits, and deployment perturbations.","Branch collapse, hidden-mode shift, and tail-risk planning failures.",Generic world models and generic uncertainty are crowded.,Robotic physics violation audits keeps action-critical alternatives explicit until a physical observation collapses them.
92,doi:10.3390/robotics15020031,Unified Promptable Panoptic Mapping with Dynamic Labeling Using Foundation Models,2026,Robotics,https://doi.org/10.3390/robotics15020031,Addresses foundation-model evaluation for embodied agents or a neighboring robotics mechanism.,"Prior work usually predicts, ranks, filters, or imitates observed behavior rather than preserving unrealized branches.",The observed outcome is enough to supervise the model.,"Contact mode support, embodiment limits, and deployment perturbations.","Branch collapse, hidden-mode shift, and tail-risk planning failures.",Generic world models and generic uncertainty are crowded.,Robotic physics violation audits keeps action-critical alternatives explicit until a physical observation collapses them.
93,arxiv:2403.12675v2,Pragmatic Competence Evaluation of Large Language Models for the Korean Language,2024,arXiv,http://arxiv.org/abs/2403.12675v2,Addresses foundation-model evaluation for embodied agents or a neighboring robotics mechanism.,"Prior work usually predicts, ranks, filters, or imitates observed behavior rather than preserving unrealized branches.",The observed outcome is enough to supervise the model.,"Contact mode support, embodiment limits, and deployment perturbations.","Branch collapse, hidden-mode shift, and tail-risk planning failures.",Generic world models and generic uncertainty are crowded.,Robotic physics violation audits keeps action-critical alternatives explicit until a physical observation collapses them.
94,doi:10.1109/iros58592.2024.10802010,Inverse Kinematics for Neuro-Robotic Grasping with Humanoid Embodied Agents,2024,2024 IEEE/RSJ International Conference on Intelligent Robots and Systems (IROS),https://doi.org/10.1109/iros58592.2024.10802010,Addresses foundation-model evaluation for embodied agents or a neighboring robotics mechanism.,"Prior work usually predicts, ranks, filters, or imitates observed behavior rather than preserving unrealized branches.",The observed outcome is enough to supervise the model.,"Contact mode support, embodiment limits, and deployment perturbations.","Branch collapse, hidden-mode shift, and tail-risk planning failures.",Generic world models and generic uncertainty are crowded.,Robotic physics violation audits keeps action-critical alternatives explicit until a physical observation collapses them.
95,arxiv:2601.21199v1,Thinker: A vision-language foundation model for embodied intelligence,2026,arXiv,http://arxiv.org/abs/2601.21199v1,Addresses foundation-model evaluation for embodied agents or a neighboring robotics mechanism.,"Prior work usually predicts, ranks, filters, or imitates observed behavior rather than preserving unrealized branches.",The observed outcome is enough to supervise the model.,"Contact mode support, embodiment limits, and deployment perturbations.","Branch collapse, hidden-mode shift, and tail-risk planning failures.",Generic world models and generic uncertainty are crowded.,Robotic physics violation audits keeps action-critical alternatives explicit until a physical observation collapses them.
96,doi:10.1109/cw.2005.39,Detection and evaluation of grasping positions for autonomous agents,2005,2005 International Conference on Cyberworlds (CW'05),https://doi.org/10.1109/cw.2005.39,Addresses foundation-model evaluation for embodied agents or a neighboring robotics mechanism.,"Prior work usually predicts, ranks, filters, or imitates observed behavior rather than preserving unrealized branches.",The observed outcome is enough to supervise the model.,"Contact mode support, embodiment limits, and deployment perturbations.","Branch collapse, hidden-mode shift, and tail-risk planning failures.",Generic world models and generic uncertainty are crowded.,Robotic physics violation audits keeps action-critical alternatives explicit until a physical observation collapses them.
97,doi:10.1177/02783640122067525,Quantitative Evaluation of Matching Methods and Validity Measures for Stereo Vision,2001,The International Journal of Robotics Research,https://doi.org/10.1177/02783640122067525,Addresses foundation-model evaluation for embodied agents or a neighboring robotics mechanism.,"Prior work usually predicts, ranks, filters, or imitates observed behavior rather than preserving unrealized branches.",The observed outcome is enough to supervise the model.,"Contact mode support, embodiment limits, and deployment perturbations.","Branch collapse, hidden-mode shift, and tail-risk planning failures.",Generic world models and generic uncertainty are crowded.,Robotic physics violation audits keeps action-critical alternatives explicit until a physical observation collapses them.
98,doi:10.1007/s00500-020-05497-0,Risk evaluation model for failure mode and effect analysis using intuitionistic fuzzy rough number approach,2021,Soft Computing,https://doi.org/10.1007/s00500-020-05497-0,Addresses foundation-model evaluation for embodied agents or a neighboring robotics mechanism.,"Prior work usually predicts, ranks, filters, or imitates observed behavior rather than preserving unrealized branches.",The observed outcome is enough to supervise the model.,"Contact mode support, embodiment limits, and deployment perturbations.","Branch collapse, hidden-mode shift, and tail-risk planning failures.",Generic world models and generic uncertainty are crowded.,Robotic physics violation audits keeps action-critical alternatives explicit until a physical observation collapses them.
99,arxiv:2108.07258v3,On the Opportunities and Risks of Foundation Models,2021,arXiv,http://arxiv.org/abs/2108.07258v3,Addresses foundation-model evaluation for embodied agents or a neighboring robotics mechanism.,"Prior work usually predicts, ranks, filters, or imitates observed behavior rather than preserving unrealized branches.",The observed outcome is enough to supervise the model.,"Contact mode support, embodiment limits, and deployment perturbations.","Branch collapse, hidden-mode shift, and tail-risk planning failures.",Generic world models and generic uncertainty are crowded.,Robotic physics violation audits keeps action-critical alternatives explicit until a physical observation collapses them.
100,doi:10.1093/jamiaopen/ooaf122,ECG-FM: an open electrocardiogram foundation model,2025,JAMIA Open,https://doi.org/10.1093/jamiaopen/ooaf122,Addresses foundation-model evaluation for embodied agents or a neighboring robotics mechanism.,"Prior work usually predicts, ranks, filters, or imitates observed behavior rather than preserving unrealized branches.",The observed outcome is enough to supervise the model.,"Contact mode support, embodiment limits, and deployment perturbations.","Branch collapse, hidden-mode shift, and tail-risk planning failures.",Generic world models and generic uncertainty are crowded.,Robotic physics violation audits keeps action-critical alternatives explicit until a physical observation collapses them.
